{
  "name": "Work Tracker Pro",
  "short_name": "WorkTracker",
  "description": "Gestiona trabajos y trabajadores de manera eficiente",
  "start_url": "/",
  "scope": "/",
  "display": "standalone",
  "background_color": "#ffffff",
  "theme_color": "#007bff",
  "orientation": "any",
  "icons": [
    {
      "src": "./assets/icons/icon-72x72.png",
      "sizes": "72x72",
      "type": "image/png",
      "purpose": "any maskable"
    },
    {
      "src": "./assets/icons/icon-96x96.png",
      "sizes": "96x96",
      "type": "image/png",
      "purpose": "any maskable"
    },
    {
      "src": "./assets/icons/icon-128x128.png",
      "sizes": "128x128",
      "type": "image/png",
      "purpose": "any maskable"
    },
    {
      "src": "./assets/icons/icon-144x144.png",
      "sizes": "144x144",
      "type": "image/png",
      "purpose": "any maskable"
    },
    {
      "src": "./assets/icons/icon-152x152.png",
      "sizes": "152x152",
      "type": "image/png",
      "purpose": "any maskable"
    },
    {
      "src": "./assets/icons/icon-192x192.png",
      "sizes": "192x192",
      "type": "image/png",
      "purpose": "any maskable"
    },
    {
      "src": "./assets/icons/icon-384x384.png",
      "sizes": "384x384",
      "type": "image/png",
      "purpose": "any maskable"
    },
    {
      "src": "./assets/icons/icon-512x512.png",
      "sizes": "512x512",
      "type": "image/png",
      "purpose": "any maskable"
    }
  ],
  "screenshots": [
    {
      "src": "./assets/screenshots/desktop.png",
      "sizes": "1280x720",
      "type": "image/png",
      "form_factor": "wide"
    },
    {
      "src": "./assets/screenshots/mobile.png",
      "sizes": "720x1280",
      "type": "image/png",
      "form_factor": "narrow"
    }
  ],
  "categories": ["productivity", "business"],
  "dir": "ltr",
  "lang": "es",
  "prefer_related_applications": false
}
